Date of Download: 2023-02-15_16:35:40,,,
"Search Parameters: Data Level:plot  Trait List:77435  Trial List:793,1523,1083,1532,1567,1571,1509,1553,1511,1564,1522,1551,1531,1570,1533,1555,1539,1538,1529,1525,1547,1515,1577,1558,1582,1569,1519,1520,1544,1561,1527,1510,1530,1513,1512,1572,1536,1537,377,1568,482,804,1540,1261  Accession List:  Plot List:214498,214343,214388,214477,214436,214541,214415,214378,214369,214424,214526,214420,214376,214529,214557,214499,214438,214413,214496,214597,214501,214488,214384,214552,214464,214506,214539,214469,214349,214603,214407,214511,214579,214522,214588,214408,214364,214361,214475,214482,214356,214589,214370,214525,214394,214358,214372,214410,214592,214399,214452,214570,214534,214409,214572,214507,214462,214354,214536,214584,214516,214590,214585,214419,214428,214431,214556,214368,214366,214339,214447,214401,214483,214591,214385,214417,214577,214554,214583,214406,214503,214395,214599,214474,214448,214425,214363,214473,214456,214555,214596,214567,214457,214520,214446,214573,214353,214459,214546,214512,214560,214538,214519,214379,214578,214437,214400,214580,214434,214524,214581,214411,214523,214514,214449,214602,214598,214476,214387,214435,214542,214416,214439,214367,214402,214548,214471,214494,214421,214574,214341,214422,214545,214340,214517,214530,214463,214586,214347,214491,214509,214495,214390,214338,214565,214587,214362,214397,214392,214576,214593,214433,214485,214492,214465,214377,214510,214470,214352,214484,214568,214575,214535,214371,214432,214442,214467,214458,214566,214393,214405,214569,214391,214559,214444,214497,214528,214504,214563,214527,214515,214532,214601,214441,214547,214600,214342,214571,214450,214345,214357,214521,214537,214382,214359,214374,214478,214562,214544,214427,214481,214558,214365,214398,214380,214389,214451,214351,214423,214594,214595,214466,214350,214445,214418,214346,214500,214479,214543,214396,214344,214461,214564,214490,214549,214531,214468,214383,214550,214513,214404,214533,214381,214508,214493,214430,214540,214582,214453,214373,214454,214480,214561,214487,214440,214386,214518,214553,214455,214486,214502,214489,214403,214375,214443,214505,214414,214426,214472,214551,214429,214360,214412,214348,214460,214355,355930,356020,356080,355951,355952,356188,356100,356212,356019,356032,356131,356036,356089,355942,356176,356197,356117,355953,356162,356159,355970,356181,356184,356128,356209,356077,356115,356104,355950,356216,356087,356132,356151,356172,355943,355998,356069,356114,356041,356189,356101,355959,355928,356167,355944,356214,356190,356060,356058,355940,355979,356023,356168,355978,356086,355972,356126,356001,356210,356096,355955,356161,355925,356003,355977,356078,356133,356008,356083,356165,355945,356009,356152,356005,355990,356145,356155,356103,356106,356205,356185,356163,356112,356179,356193,356137,356140,356178,356127,356139,356105,356064,356061,356045,356217,355933,356208,356079,355946,356113,356170,356125,356047,355949,356031,356218,356095,356002,356000,355963,356164,356040,356015,356201,355961,356034,356017,356024,355980,356042,356194,355996,356059,355975,356038,356211,356213,356107,355969,356175,355957,356177,356130,356118,356025,355939,356150,356062,356166,355929,356076,355956,356187,356092,356085,356108,355984,356066,356035,356012,356116,356039,356054,355947,356180,356007,355967,356028,356093,356084,355971,356026,356072,355986,355937,356091,356094,355997,356050,355988,356011,356033,356192,356169,355968,356119,356135,356063,356016,356191,356215,356073,356203,356153,356148,355994,356044,356141,356081,356067,356006,355992,356198,355958,356202,356158,355976,355927,355965,356154,355966,355985,355960,356088,356109,356110,355938,355964,356183,356136,356157,356207,355991,355973,356204,355962,356082,356021,356068,356144,356147,356098,355934,356129,355935,356146,356120,356046,356052,356010,356121,356049,355987,356043,356124,356111,356134,356171,356022,356014,355936,356070,356074,356220,355995,356053,356056,355982,356149,356138,356182,356156,356196,355954,356030,356090,355931,356199,355983,356174,356122,356173,356029,356195,356018,356075,355999,356048,356206,355926,355981,356013,356200,356219,356099,356004,356071,355993,356097,355932,356065,356142,356057,356221,355989,356186,356160,356051,356027,356143,356102,355948,356055,356123,356037,355974,355941,263075,262879,263066,263031,262887,263111,262957,263082,262932,263114,262999,263056,263116,263089,263045,263092,262927,263000,263013,263064,262996,263068,262898,262905,262960,263029,262958,263048,262919,263079,263040,262873,262920,262895,263014,262998,262921,263050,263032,263078,262870,262930,262968,262983,262864,263100,263042,262922,263015,263060,263076,262885,263106,263112,263002,262975,262991,262892,263065,262985,262971,263001,262861,262883,263025,262951,262866,263072,262978,262977,263022,262946,263101,262891,262889,262888,262939,262858,262911,263006,263039,263097,262917,263081,262967,262923,262912,262872,262925,263046,263012,263018,262876,262904,263086,262908,262938,263062,263103,262949,263034,263017,263098,263007,263010,262979,262973,263070,262997,263102,262988,263118,262940,263085,262918,262966,263047,262941,263036,263051,262987,263035,262952,263037,263023,262962,262982,262906,262880,262964,262974,262980,263030,262865,263011,262909,263028,262929,263041,262970,262871,262948,262868,262893,262947,262994,262877,262931,262915,263121,263115,263104,262901,262986,263123,263061,263059,262874,262945,263073,262989,263058,262972,262992,262954,262875,262857,262867,263049,262928,263057,262950,263119,262955,263004,263038,263107,263044,262995,263110,263054,262965,263120,262926,262961,263063,262981,262942,263053,262910,263026,262896,262937,263109,262878,262924,263074,263043,262976,262943,262890,262953,263077,263091,262863,262899,262881,262862,262993,262935,262933,263016,263027,263090,263105,263088,262914,263052,263019,263067,263080,263033,262902,262959,263108,263021,262886,262990,263099,263095,262944,263096,262869,262894,263113,262882,263122,262884,263083,262913,262897,262963,263071,262907,262916,262956,263069,262859,262936,263008,263055,262903,263117,262984,263094,262900,263084,263005,263087,262934,263003,263009,262969,263093,263024,262860,263020,359851,359767,359629,359644,359621,359732,359817,359616,359680,359643,359632,359736,359755,359745,359759,359765,359756,359866,359861,359649,359686,359614,359778,359635,359687,359705,359824,359695,359825,359708,359737,359790,359703,359800,359829,359822,359757,359696,359788,359804,359827,359636,359784,359675,359628,359720,359846,359830,359818,359662,359679,359786,359789,359864,359742,359791,359625,359766,359836,359841,359704,359694,359681,359723,359631,359626,359674,359656,359847,359838,359652,359740,359684,359870,359747,359672,359738,359799,359774,359811,359855,359857,359777,359832,359819,359828,359700,359796,359873,359785,359865,359794,359724,359752,359654,359713,359673,359665,359701,359750,359718,359664,359858,359678,359637,359717,359831,359754,359773,359814,359771,359691,359698,359860,359839,359782,359781,359783,359760,359758,359653,359660,359867,359775,359748,359642,359772,359650,359853,359746,359868,359641,359712,359849,359716,359731,359655,359812,359837,359677,359820,359669,359762,359722,359719,359741,359659,359676,359735,359639,359802,359848,359854,359715,359787,359697,359779,359646,359753,359806,359645,359813,359871,359619,359630,359842,359809,359769,359714,359810,359852,359709,359805,359856,359711,359690,359739,359620,359640,359823,359685,359647,359699,359835,359683,359657,359798,359667,359658,359689,359682,359764,359763,359670,359648,359743,359693,359651,359666,359710,359833,359770,359668,359808,359663,359706,359633,359869,359815,359734,359627,359850,359863,359768,359801,359671,359792,359728,359826,359845,359725,359726,359617,359816,359795,359793,359859,359872,359730,359622,359803,359624,359761,359638,359840,359751,359615,359807,359844,359744,359862,359780,359834,359634,359729,359727,359692,359623,359776,359821,359797,359688,359721,359733,359618,359843,359749,359702,359707,359661,373163,373141,373199,373178,373138,373140,373132,373188,373207,373196,373198,373146,373176,373152,373162,373155,373161,373170,373153,373200,373135,373206,373194,373201,373182,373156,373203,373184,373190,373139,373127,373130,373128,373147,373154,373179,373149,373169,373137,373174,373160,373157,373172,373185,373177,373205,373166,373180,373191,373183,373142,373131,373168,373144,373148,373204,373133,373192,373165,373173,373202,373136,373186,373187,373195,373197,373158,373171,373167,373181,373175,373151,373159,373189,373143,373150,373129,373134,373193,373164,373145,374168,374203,374015,374144,374091,374160,374067,374150,374001,374078,374041,373984,374225,374152,373967,374030,374204,374138,374008,373989,374038,374187,374021,374043,374079,374208,373966,374181,373998,373992,374031,374062,374027,373995,374089,374135,374059,374070,374212,374020,374154,374184,373981,374007,374016,374156,374215,374155,374105,373972,374202,374194,374050,374172,374182,374177,373961,373969,374147,373982,374166,373986,374192,374101,374014,374157,374201,374064,374090,374131,374081,373983,374117,374224,373991,374109,374126,374000,374145,373964,374058,374061,373979,374032,374216,374034,374188,374211,374086,374102,374190,374222,374036,374010,374040,374185,374066,374110,373999,374047,374205,374026,374025,374022,374114,374009,374134,373974,374002,374039,374063,374120,374130,373985,374174,374024,374210,374069,374121,374048,374035,374051,374094,374113,374169,374082,373971,374197,374003,373987,374013,374196,374073,374103,374119,374217,374023,373965,374006,374080,374199,374186,373988,374112,374106,373960,374077,374143,374056,374176,374053,374183,374092,374198,374129,374052,374017,374005,374097,374060,374045,373978,374148,374171,374044,374068,374104,374220,374122,374162,374074,374193,374227,374095,374128,374140,373977,373990,374111,374093,374107,374191,374118,374029,374151,374165,374228,374189,374159,374076,374100,374218,374142,374229,374195,373996,374207,373980,374178,374115,374164,374226,374046,374180,373968,374206,374018,374116,374223,374096,374057,374158,374085,373963,374124,374163,374133,374054,374108,374084,374221,373994,374075,374011,374213,374153,374083,374127,373997,374042,373976,374072,374125,374037,374141,374200,374209,374088,374161,374173,374028,373973,373993,374099,374146,374065,374019,374055,374139,374219,374123,374175,374071,373975,374098,374149,373970,374033,374179,374170,374004,374214,374167,374087,374136,374132,373962,374012,374137,374049,351906,351985,351882,351908,352024,351822,352032,351981,351926,351889,352007,351945,351833,351967,351800,351925,351900,351999,351803,352019,351838,351878,351813,351929,351921,351876,351991,351855,351787,351979,351839,351805,351842,351927,351953,351932,351918,351831,351928,351859,351948,351856,351854,351946,351936,352002,351850,351940,352009,351872,351909,351843,351806,351958,352029,351923,351952,352035,351849,351783,351917,352006,351780,351873,351971,352011,351943,352038,351902,351972,351819,351982,351804,351832,351962,351866,351895,351794,351818,351790,352033,351841,351970,351888,351961,351968,351845,351912,352030,352025,351785,351973,351903,351864,351781,352004,351877,351977,351858,351830,351824,351836,352028,352034,351904,351808,351938,352036,351840,351975,351793,351802,351852,351809,351797,351869,351934,351844,351789,352020,351896,351861,351935,351894,352021,351963,351995,351915,351950,351899,352027,351782,351788,351980,351796,351983,351811,351964,351941,352031,351959,351816,351817,351893,351807,351907,351865,351863,351857,351949,351937,351879,351920,351860,351815,351911,351990,351951,351994,352018,352000,351795,351846,351922,352037,351969,351786,351890,351910,351885,351954,351826,351984,351944,351862,351853,351930,351898,351791,351987,351784,351834,352040,351914,351986,351829,351965,351924,352015,351960,351792,352042,351955,351992,351976,351988,351905,352008,351810,351848,352026,351812,351913,351827,351933,352003,351799,351947,351886,351867,352016,352010,351916,351798,351901,351996,352012,351870,351966,351825,351835,351931,351828,351874,351891,351884,351880,351814,352039,352001,351851,352005,351919,351892,351993,351875,351779,351942,351957,351887,352017,351801,351956,352013,351847,351821,351823,352023,351837,351939,352014,351871,351881,352022,351897,351997,351998,351820,351883,351868,351974,351978,351989,352041,368325,368291,368162,368131,368133,368266,368255,368185,368229,368256,368132,368251,368302,368200,368161,368183,368175,368165,368217,368290,368214,368253,368196,368213,368138,368326,368258,368231,368300,368112,368286,368091,368207,368279,368220,368098,368223,368274,368094,368293,368192,368212,368143,368117,368124,368288,368239,368152,368313,368324,368156,368270,368108,368168,368218,368328,368153,368134,368198,368199,368147,368311,368155,368113,368126,368234,368275,368235,368294,368330,368317,368083,368080,368248,368276,368105,368206,368273,368287,368232,368103,368106,368215,368329,368257,368225,368298,368157,368114,368150,368259,368115,368142,368230,368304,368233,368285,368172,368334,368077,368171,368079,368219,368204,368244,368320,368195,368092,368154,368181,368202,368305,368312,368130,368308,368252,368082,368118,368297,368186,368249,368309,368102,368111,368283,368140,368323,368303,368216,368268,368227,368135,368075,368107,368289,368224,368174,368281,368120,368100,368282,368188,368242,368145,368190,368333,368228,368086,368129,368208,368128,368173,368271,368197,368136,368310,368180,368210,368151,368170,368265,368238,368237,368243,368264,368101,368087,368241,368292,368201,368296,368149,368314,368164,368099,368250,368169,368160,368193,368093,368269,368315,368104,368254,368318,368089,368261,368141,368167,368109,368090,368116,368146,368137,368095,368331,368184,368176,368159,368278,368221,368299,368295,368182,368284,368301,368121,368139,368280,368096,368166,368277,368158,368187,368119,368332,368222,368240,368263,368148,368316,368194,368189,368122,368078,368306,368127,368110,368163,368247,368267,368085,368179,368307,368211,368178,368260,368321,368191,368245,368246,368327,368177,368076,368205,368084,368262,368097,368322,368081,368125,368203,368144,368209,368088,368123,368319,368272,368236,368226,352511,352505,352364,352303,352415,352464,352471,352468,352342,352520,352518,352556,352550,352389,352463,352508,352478,352338,352330,352305,352355,352390,352391,352525,352368,352457,352555,352485,352417,352452,352492,352542,352448,352548,352379,352531,352558,352536,352317,352473,352475,352436,352444,352351,352470,352322,352477,352480,352499,352549,352426,352327,352377,352507,352524,352395,352449,352409,352357,352559,352371,352413,352551,352472,352474,352412,352320,352537,352441,352439,352552,352367,352363,352324,352310,352313,352496,352503,352339,352494,352500,352506,352528,352359,352361,352422,352560,352318,352315,352483,352362,352440,352387,352459,352344,352337,352384,352453,352502,352501,352311,352378,352401,352403,352442,352402,352465,352394,352356,352481,352521,352437,352523,352456,352380,352424,352428,352336,352443,352539,352454,352497,352418,352526,352404,352488,352411,352326,352333,352433,352386,352561,352304,352553,352519,352366,352354,352405,352312,352345,352410,352350,352458,352467,352547,352495,352476,352435,352397,352535,352431,352335,352314,352328,352498,352427,352360,352414,352349,352434,352446,352375,352408,352353,352385,352530,352407,352562,352504,352373,352533,352541,352543,352425,352469,352510,352398,352316,352372,352509,352554,352396,352306,352461,352308,352423,352381,352544,352490,352430,352358,352455,352421,352460,352309,352557,352323,352382,352532,352331,352340,352307,352513,352370,352399,352416,352514,352527,352319,352516,352540,352486,352420,352341,352346,352321,352487,352374,352329,352447,352512,352451,352445,352343,352325,352515,352369,352479,352491,352365,352383,352482,352388,352450,352347,352534,352332,352522,352517,352392,352406,352376,352493,352432,352489,352348,352419,352546,352466,352352,352400,352429,352438,352462,352484,352334,352529,352545,352538,352393,372508,372506,372576,372555,372532,372583,372557,372578,372516,372520,372521,372530,372584,372562,372538,372566,372524,372547,372575,372559,372514,372544,372554,372525,372523,372534,372564,372545,372573,372537,372540,372510,372536,372568,372558,372585,372517,372586,372526,372546,372513,372552,372529,372582,372535,372539,372507,372512,372570,372515,372577,372574,372528,372541,372571,372580,372519,372579,372543,372551,372581,372560,372531,372548,372533,372561,372565,372567,372511,372550,372509,372549,372556,372563,372518,372527,372553,372572,372522,372569,372542,355762,355749,355670,355780,355684,355851,355653,355686,355752,355842,355889,355911,355677,355767,355860,355676,355852,355703,355811,355672,355696,355783,355658,355824,355771,355743,355765,355802,355661,355779,355887,355773,355680,355659,355717,355896,355725,355735,355856,355796,355669,355922,355893,355921,355838,355795,355699,355709,355815,355864,355800,355845,355739,355731,355833,355794,355707,355728,355902,355882,355715,355742,355819,355916,355702,355822,355923,355855,355871,355704,355723,355774,355915,355744,355869,355714,355665,355862,355732,355880,355760,355826,355805,355859,355919,355793,355888,355827,355763,355812,355750,355890,355829,355708,355789,355901,355727,355797,355803,355711,355913,355848,355844,355729,355905,355865,355662,355736,355875,355817,355695,355840,355854,355870,355821,355798,355825,355899,355885,355849,355689,355692,355741,355843,355867,355682,355747,355718,355828,355782,355781,355920,355764,355694,355738,355685,355906,355884,355675,355834,355757,355655,355654,355831,355730,355713,355679,355895,355775,355858,355908,355766,355761,355872,355668,355853,355918,355778,355790,355737,355799,355809,355716,355857,355687,355879,355712,355850,355808,355792,355745,355777,355784,355804,355667,355666,355751,355700,355903,355907,355874,355883,355898,355881,355823,355873,355721,355868,355673,355877,355894,355791,355663,355886,355861,355837,355740,355910,355681,355748,355746,355806,355770,355769,355897,355924,355656,355835,355830,355900,355787,355876,355688,355807,355788,355726,355813,355657,355734,355912,355814,355733,355909,355722,355755,355836,355904,355758,355878,355720,355846,355697,355892,355660,355701,355705,355693,355914,355756,355719,355674,355832,355678,355847,355816,355776,355917,355698,355754,355839,355691,355810,355785,355753,355710,355818,355863,355768,355786,355772,355820,355683,355690,355759,355841,355801,355866,355706,355671,355891,355724,355664,367556,367751,367755,367678,367606,367649,367675,367624,367528,367708,367600,367637,367631,367598,367740,367616,367595,367562,367736,367728,367682,367574,367688,367672,367764,367643,367774,367694,367758,367765,367759,367703,367630,367540,367532,367601,367715,367713,367778,367731,367677,367701,367725,367720,367628,367786,367661,367553,367542,367683,367652,367781,367752,367695,367602,367709,367578,367772,367530,367691,367680,367746,367632,367589,367645,367738,367547,367571,367735,367721,367753,367696,367767,367711,367775,367566,367577,367702,367648,367581,367663,367654,367756,367567,367614,367743,367710,367668,367551,367723,367742,367621,367745,367727,367657,367575,367545,367559,367770,367569,367633,367585,367543,367629,367538,367669,367656,367689,367666,367761,367640,367674,367527,367634,367718,367782,367676,367749,367651,367573,367730,367771,367705,367766,367583,367641,367549,367784,367576,367760,367607,367644,367750,367597,367568,367783,367763,367605,367544,367748,367610,367608,367693,367679,367615,367704,367665,367734,367647,367618,367590,367554,367686,367667,367769,367773,367550,367613,367591,367619,367650,367762,367741,367726,367777,367673,367684,367529,367599,367681,367692,367531,367687,367535,367732,367768,367658,367670,367587,367596,367533,367579,367712,367639,367592,367604,367620,367611,367612,367785,367586,367552,367623,367617,367565,367724,367555,367536,367594,367582,367560,367588,367780,367707,367698,367572,367664,367580,367700,367717,367541,367539,367570,367534,367561,367716,367744,367733,367739,367690,367747,367671,367584,367636,367699,367626,367526,367722,367779,367662,367638,367655,367546,367558,367776,367557,367609,367563,367548,367642,367706,367635,367685,367653,367646,367564,367659,367729,367537,367593,367714,367603,367737,367660,367757,367627,367625,367622,367754,367697,367719,359358,359369,359370,359415,359577,359608,359514,359548,359399,359588,359436,359613,359491,359360,359465,359456,359591,359527,359478,359554,359402,359476,359411,359388,359450,359523,359383,359396,359586,359531,359545,359406,359437,359570,359528,359431,359485,359546,359424,359376,359596,359510,359564,359378,359535,359405,359519,359382,359463,359543,359371,359525,359517,359559,359495,359447,359442,359502,359479,359477,359398,359404,359595,359488,359534,359556,359583,359433,359372,359489,359407,359507,359391,359446,359416,359558,359444,359425,359355,359470,359579,359380,359413,359516,359584,359403,359460,359412,359551,359550,359434,359475,359422,359419,359392,359451,359590,359443,359427,359364,359504,359469,359462,359356,359552,359565,359541,359363,359602,359610,359418,359594,359374,359515,359395,359473,359401,359585,359430,359524,359493,359589,359509,359393,359537,359487,359461,359575,359494,359365,359604,359389,359598,359557,359381,359362,359576,359359,359366,359379,359572,359400,359452,359410,359568,359464,359603,359533,359512,359606,359390,359540,359439,359536,359453,359448,359611,359511,359454,359498,359385,359501,359458,359518,359474,359530,359409,359609,359467,359520,359367,359471,359408,359457,359397,359592,359544,359578,359539,359601,359563,359429,359513,359435,359573,359480,359599,359486,359532,359481,359529,359484,359505,359521,359593,359421,359394,359428,359440,359561,359438,359423,359361,359384,359506,359468,359373,359387,359569,359526,359483,359368,359574,359549,359472,359587,359375,359482,359566,359562,359499,359605,359386,359432,359597,359449,359497,359445,359547,359420,359571,359492,359354,359414,359580,359567,359503,359508,359500,359377,359555,359581,359455,359466,359600,359417,359560,359582,359538,359357,359542,359607,359490,359459,359441,359426,359612,359522,359553,359496,373762,373775,373887,373709,373854,373779,373872,373941,373700,373752,373727,373913,373702,373741,373795,373784,373942,373745,373869,373884,373862,373706,373817,373879,373911,373906,373742,373877,373807,373757,373747,373889,373787,373798,373708,373865,373792,373829,373744,373726,373736,373773,373820,373733,373781,373876,373900,373750,373838,373897,373888,373860,373722,373853,373696,373927,373818,373764,373809,373831,373719,373731,373840,373725,373749,373842,373934,373837,373910,373789,373767,373765,373874,373932,373938,373734,373954,373712,373930,373944,373923,373851,373786,373902,373959,373873,373821,373830,373863,373922,373881,373843,373867,373928,373766,373905,373697,373858,373758,373788,373763,373811,373880,373841,373813,373812,373721,373916,373790,373806,373705,373783,373866,373885,373740,373912,373707,373945,373936,373878,373743,373769,373915,373940,373946,373814,373929,373737,373894,373950,373937,373890,373931,373891,373713,373824,373732,373896,373716,373753,373848,373819,373943,373714,373772,373861,373883,373701,373730,373796,373847,373832,373935,373800,373815,373892,373760,373933,373816,373801,373717,373856,373899,373909,373926,373780,373919,373925,373845,373735,373791,373846,373952,373793,373918,373777,373939,373802,373718,373949,373904,373728,373857,373957,373771,373827,373901,373886,373822,373823,373839,373907,373738,373759,373804,373754,373898,373711,373768,373955,373917,373903,373723,373844,373710,373855,373833,373852,373799,373895,373893,373785,373834,373739,373810,373951,373778,373948,373953,373836,373859,373808,373724,373825,373715,373920,373921,373751,373956,373720,373803,373870,373826,373924,373864,373908,373850,373782,373699,373871,373875,373755,373746,373835,373805,373914,373774,373703,373797,373761,373704,373947,373748,373849,373756,373776,373882,373958,373729,373770,373698,373868,373794,373828,360091,359988,360024,359934,359874,360070,360019,360021,359954,360013,360075,360126,360129,359976,359958,359981,360111,359968,359894,360103,360099,359946,360049,360073,360064,360020,360012,359926,359932,359949,359985,359890,360044,360054,360058,359936,359876,359975,360097,360059,359990,360093,360028,359939,360095,359971,360130,360089,360061,359927,360029,359924,360102,360047,359959,359965,359913,359889,359925,360133,359989,360057,359896,360023,359961,359950,360112,359978,359891,360094,360032,359944,359895,359942,360106,359910,359919,359994,359969,360118,359921,360127,359993,360086,359907,360056,360038,360046,359951,360067,359964,360113,359937,359901,359880,360055,360034,359920,360033,359902,359922,359940,359943,359986,359908,360074,360026,360121,359970,360131,359963,360031,359917,359973,359923,360017,359982,360098,359911,359881,360115,360037,360042,360109,359903,359966,359945,359877,360110,359916,360060,360068,359938,360018,359897,359979,359957,360010,359878,360085,359904,360079,360114,359984,360005,360125,359915,359892,360043,360128,359960,360108,359900,360088,359997,359918,360120,359879,360107,359931,360077,360004,360041,360132,359991,360104,360122,359974,359995,360080,359928,360087,360072,359972,359948,360003,360040,359885,360071,360084,360082,359929,360014,359905,360053,360065,360002,359953,360101,360117,359912,360063,360123,359887,359909,360078,359992,359998,360083,359947,359999,360050,360081,360100,359893,359983,359967,360025,359956,359888,359886,360039,360022,360006,359898,360016,359883,360009,360092,360030,360105,360124,360119,359899,359906,359930,360051,359933,360027,359884,359952,360090,360048,360069,360052,359935,360066,359941,359914,360116,359987,360008,360045,360062,360035,359996,360096,359962,359980,360036,359977,360015,359955,360007,360001,359875,359882,360076,360000,360011,368789,368663,368783,368726,368768,368714,368644,368778,368840,368706,368717,368871,368675,368799,368831,368835,368869,368751,368652,368850,368830,368756,368792,368810,368666,368858,368861,368742,368777,368818,368784,368845,368754,368729,368645,368682,368747,368731,368697,368744,368880,368891,368659,368752,368843,368788,368668,368639,368829,368786,368667,368707,368673,368779,368807,368824,368851,368839,368661,368881,368741,368712,368678,368874,368685,368774,368781,368727,368793,368737,368704,368680,368842,368734,368882,368763,368749,368669,368804,368724,368846,368815,368773,368718,368681,368745,368676,368892,368820,368814,368658,368732,368637,368806,368755,368889,368679,368654,368859,368857,368780,368866,368785,368703,368870,368694,368634,368808,368748,368671,368856,368864,368794,368758,368723,368797,368766,368662,368886,368670,368690,368647,368790,368730,368696,368660,368819,368769,368848,368771,368657,368743,368655,368686,368698,368728,368868,368735,368826,368672,368801,368776,368863,368689,368695,368762,368733,368800,368701,368860,368636,368711,368841,368813,368709,368713,368852,368653,368770,368665,368865,368674,368753,368862,368811,368821,368855,368683,368782,368725,368837,368761,368802,368740,368816,368772,368888,368775,368746,368854,368890,368687,368633,368832,368716,368885,368650,368887,368640,368844,368803,368833,368836,368651,368641,368664,368796,368738,368684,368879,368646,368877,368883,368649,368791,368720,368787,368719,368853,368878,368635,368739,368872,368708,368822,368767,368875,368757,368809,368700,368693,368823,368692,368760,368849,368710,368825,368705,368884,368817,368721,368795,368765,368759,368827,368638,368805,368828,368699,368838,368642,368643,368798,368847,368677,368873,368812,368764,368834,368750,368702,368715,368691,368867,368656,368648,368736,368722,368688,368876,361384,361503,361359,361441,361386,361532,361460,361423,361464,361448,361316,361449,361514,361426,361546,361373,361450,361548,361388,361381,361406,361350,361430,361488,361362,361334,361312,361321,361467,361444,361543,361553,361310,361485,361504,361324,361509,361336,361347,361542,361415,361355,361398,361516,361396,361453,361535,361393,361348,361405,361383,361556,361540,361408,361466,361523,361511,361498,361473,361513,361518,361537,361404,361529,361302,361462,361531,361328,361314,361552,361452,361439,361364,361550,361493,361349,361524,361507,361508,361545,361397,361409,361510,361469,361560,361369,361343,361370,361417,361455,361520,361472,361331,361424,361491,361438,361325,361308,361459,361477,361443,361395,361416,361533,361357,361382,361421,361337,361436,361306,361367,361544,361522,361376,361487,361412,361420,361387,361492,361345,361457,361418,361461,361549,361365,361377,361428,361305,361551,361410,361481,361392,361484,361313,361323,361528,361338,361311,361558,361419,361561,361456,361379,361301,361468,361356,361442,361333,361366,361465,361427,361470,361425,361505,361340,361526,361385,361358,361411,361380,361307,361486,361458,361322,361559,361451,361391,361344,361378,361521,361304,361471,361497,361433,361389,361440,361555,361517,361475,361339,361403,361480,361554,361346,361447,361341,361483,361361,361330,361437,361372,361502,361512,361407,361400,361329,361474,361432,361413,361363,361390,361490,361351,361564,361309,361541,361374,361429,361530,361335,361515,361482,361534,361445,361431,361476,361401,361519,361527,361319,361422,361494,361562,361536,361547,361318,361354,361368,361315,361463,361478,361360,361327,361414,361332,361499,361353,361434,361342,361501,361320,361394,361496,361479,361454,361500,361303,361326,361446,361525,361371,361435,361317,361557,361352,361538,361399,361489,361563,361506,361539,361402,361495,361375,361127,361135,361243,361101,361223,361046,361298,361045,361179,361285,361116,361182,361132,361286,361161,361115,361052,361054,361150,361162,361189,361065,361269,361159,361261,361244,361177,361146,361155,361268,361271,361185,361199,361263,361212,361211,361059,361110,361241,361107,361123,361195,361149,361289,361053,361098,361126,361293,361079,361066,361281,361109,361042,361235,361242,361290,361216,361295,361130,361134,361124,361300,361260,361234,361191,361255,361144,361279,361284,361270,361055,361049,361077,361232,361282,361240,361131,361201,361139,361056,361043,361104,361204,361166,361154,361078,361205,361163,361125,361089,361219,361187,361181,361114,361264,361057,361276,361208,361051,361074,361203,361267,361250,361050,361096,361197,361176,361157,361252,361120,361175,361222,361095,361226,361265,361254,361294,361084,361048,361247,361291,361278,361172,361070,361058,361068,361137,361151,361119,361090,361140,361148,361129,361221,361091,361215,361168,361102,361093,361094,361196,361118,361277,361288,361121,361062,361071,361217,361274,361112,361190,361192,361138,361047,361248,361209,361210,361184,361218,361200,361136,361257,361128,361083,361122,361075,361287,361165,361073,361158,361283,361147,361160,361156,361225,361230,361133,361063,361169,361245,361251,361275,361113,361229,361100,361145,361152,361262,361082,361067,361237,361220,361280,361064,361170,361180,361194,361171,361105,361108,361296,361231,361069,361186,361266,361103,361214,361292,361202,361224,361258,361227,361111,361173,361273,361272,361206,361081,361117,361259,361099,361085,361106,361044,361097,361076,361188,361143,361141,361153,361249,361183,361088,361236,361233,361072,361174,361087,361207,361060,361167,361246,361256,361239,361193,361142,361238,361092,361253,361178,361061,361299,361198,361041,361228,361080,361086,361213,361164,361297,358858,359030,359017,358947,359086,358935,359057,358939,358942,359075,359082,359055,358953,359088,358988,358894,358884,358908,358873,359021,359044,359053,358886,359054,358943,358839,358903,358955,358987,359042,358930,358946,359031,358925,358950,359069,358970,359010,358861,359092,358913,358992,358960,358951,358982,359084,359033,358893,358954,358837,359046,359056,359087,359004,359070,358846,358905,358933,358984,358891,359080,358996,359015,359025,359052,359064,358878,359059,359013,359081,358921,359007,358917,358932,358929,358842,358876,359072,358889,358978,358976,358862,359034,358869,358963,359067,359078,359036,358924,359058,358919,358840,358912,358972,359090,358833,358922,358859,358836,359006,358875,359028,358888,358855,358995,358998,359000,358979,359073,358931,358865,358845,358892,358841,358910,358945,358887,359018,359020,358973,359024,358923,358906,359051,358959,358990,358957,358916,358881,359008,358879,358854,359041,359077,359074,358989,358944,358914,359050,359029,358898,358980,358902,358940,358874,359026,358880,358867,358877,358915,359039,358911,358847,359047,358956,358965,359089,359079,358938,358948,358909,358890,358904,358835,359048,359002,358949,358964,358849,359014,358843,358882,358971,358863,359035,358983,359043,358848,358937,358907,359076,359065,358864,358936,359040,358966,358985,358962,359083,358856,358866,358851,359019,358844,359071,358850,358852,358993,359005,358999,358952,359027,358934,358901,358834,359003,359038,358977,358853,358967,358920,358870,358941,359093,358885,358981,358872,359045,358968,359061,359023,359001,358991,358994,358958,359011,359037,358883,35886",,,
,,,
Column,Units,Original,Description
YEAR,,studyYear,Year of study
SITEYEAR,,studyName,"TRIALTYPE_YEAR_LOCATION; S2TP = training population, S2MET = main study, S2C1=?"
NOTES,,studyDescription,"Observations of weather, bird damage, etc that might affect data. Item 3 from studyDescription"
SITE,,locationName,Trial location
ENTRY,,germplasmName,Genotype identifier
ALTENTRY,,germplasmSynonyms,Aliases for ENTRY
SID,,observationUnitName,SITEYEAR_ENTRY
PLOT,,plotNumber,Plot number
TYPE,,entryType,Entry type: test or check
YIELD,kg/ha,Grain yield adjusted weight basis - kg/ha|CO_323:0000390,standard moisture
